{
    "train_loss": [
        44.5159241897583,
        14.666623659110066,
        8.8690630264163,
        5.22153694821755,
        2.637445316598572,
        2.234949534406198,
        1.9089442866385455,
        1.9250701693789583,
        1.7855480305678353
    ],
    "val_loss": [
        13.579408879399299,
        9.533615566253662,
        9.668594784110784,
        5.991058913576352,
        4.925280064281076,
        5.451490930039902,
        4.881422252655029,
        4.999680425643921,
        4.841966982953585
    ]
}